{"array_data": [[0.03703703731298447, 0.33259421586990356, 0.22172948718070984, 0.1111111044883728, 0.2222222089767456, 0.11086474359035492, 0.0, 0.0, 0.0, 0.0, 0.0, 0.0], [0.07407406717538834, 0.33259427547454834, 0.33259427547454834, 0.0, 0.0555555522441864, 0.1478196680545807, 0.0, 0.0, 0.0, 0.0, 0.0, 0.0], [0.14814813435077667, 0.33259427547454834, 0.33259427547454834, 0.1111111044883728, 0.0555555522441864, 0.0, 0.0, 0.0, 0.0, 0.0, 0.0, 0.0], [0.2222222089767456, 0.33259427547454834, 0.388026624917984, 0.0, 0.0, 0.021385429427027702, 0.0, 0.0, 0.0, 0.0, 0.0, 0.0], [0.29629629850387573, 0.33259421586990356, 0.388026624917984, 0.0, 0.08816269040107727, 0.036954913288354874, 0.0, 0.0, 0.0, 0.0, 0.0, 0.0]], "dtype": "float32", "shape": [5, 12]}